date,up_count,down_count,zha_count,max_height,lianban_count,shouban_count,seal_zero_count,promotion_rate,rate_1to2,zha_rate,ud_ratio,seal_quality,h_norm,p_norm,z_norm,u_norm,s_norm,sentiment,cycle_label,formula_promotion_rate,formula_rate_1to2,formula_zha_rate,formula_ud_ratio,formula_seal_quality,formula_sentiment,formula_cycle_label
20250826,71,1,25,7,14,57,46,0,0,26.04,71.0,64.79,50.0,50.0,50.0,50.0,50.0,50.0,―,今日涨停∩昨日涨停 / 昨日涨停总数 × 100,昨日首板∩今日连板(limit_times≥2) / 昨日首板数 × 100,zha_count / (up_count + zha_count) × 100,"up_count / max(down_count, 1)",seal_zero_count(open_times=0) / up_count × 100,0.25*h_norm + 0.25*p_norm + 0.20*z_norm + 0.15*u_norm + 0.15*s_norm (各因子60日滚动min-max标准化),冰点(<20)|回暖(<35且上升)|加速(>60且上升)|分歧(>50且下降)|退潮(<40从>45连降)|震荡(其他)
20250827,41,6,46,4,12,29,22,16.9,15.79,52.87,6.83,53.66,0.0,100.0,0.0,0.0,0.0,25.0,―,今日涨停∩昨日涨停 / 昨日涨停总数 × 100,昨日首板∩今日连板(limit_times≥2) / 昨日首板数 × 100,zha_count / (up_count + zha_count) × 100,"up_count / max(down_count, 1)",seal_zero_count(open_times=0) / up_count × 100,0.25*h_norm + 0.25*p_norm + 0.20*z_norm + 0.15*u_norm + 0.15*s_norm (各因子60日滚动min-max标准化),冰点(<20)|回暖(<35且上升)|加速(>60且上升)|分歧(>50且下降)|退潮(<40从>45连降)|震荡(其他)
20250828,58,2,21,5,13,45,31,31.71,31.03,26.58,29.0,53.45,33.33,100.0,97.99,34.55,0.0,58.11,回暖,今日涨停∩昨日涨停 / 昨日涨停总数 × 100,昨日首板∩今日连板(limit_times≥2) / 昨日首板数 × 100,zha_count / (up_count + zha_count) × 100,"up_count / max(down_count, 1)",seal_zero_count(open_times=0) / up_count × 100,0.25*h_norm + 0.25*p_norm + 0.20*z_norm + 0.15*u_norm + 0.15*s_norm (各因子60日滚动min-max标准化),冰点(<20)|回暖(<35且上升)|加速(>60且上升)|分歧(>50且下降)|退潮(<40从>45连降)|震荡(其他)
20250829,64,9,19,6,9,55,33,15.52,11.11,22.89,7.11,51.56,66.67,48.94,100.0,0.44,0.0,48.97,退潮,今日涨停∩昨日涨停 / 昨日涨停总数 × 100,昨日首板∩今日连板(limit_times≥2) / 昨日首板数 × 100,zha_count / (up_count + zha_count) × 100,"up_count / max(down_count, 1)",seal_zero_count(open_times=0) / up_count × 100,0.25*h_norm + 0.25*p_norm + 0.20*z_norm + 0.15*u_norm + 0.15*s_norm (各因子60日滚动min-max标准化),冰点(<20)|回暖(<35且上升)|加速(>60且上升)|分歧(>50且下降)|退潮(<40从>45连降)|震荡(其他)
20250901,104,1,28,7,14,90,54,21.88,16.36,21.21,104.0,51.92,100.0,69.0,100.0,100.0,2.72,77.66,加速,今日涨停∩昨日涨停 / 昨日涨停总数 × 100,昨日首板∩今日连板(limit_times≥2) / 昨日首板数 × 100,zha_count / (up_count + zha_count) × 100,"up_count / max(down_count, 1)",seal_zero_count(open_times=0) / up_count × 100,0.25*h_norm + 0.25*p_norm + 0.20*z_norm + 0.15*u_norm + 0.15*s_norm (各因子60日滚动min-max标准化),冰点(<20)|回暖(<35且上升)|加速(>60且上升)|分歧(>50且下降)|退潮(<40从>45连降)|震荡(其他)
20250902,44,18,40,8,13,31,24,12.5,10.0,47.62,2.44,54.55,100.0,39.42,16.58,0.0,22.6,41.56,退潮,今日涨停∩昨日涨停 / 昨日涨停总数 × 100,昨日首板∩今日连板(limit_times≥2) / 昨日首板数 × 100,zha_count / (up_count + zha_count) × 100,"up_count / max(down_count, 1)",seal_zero_count(open_times=0) / up_count × 100,0.25*h_norm + 0.25*p_norm + 0.20*z_norm + 0.15*u_norm + 0.15*s_norm (各因子60日滚动min-max标准化),冰点(<20)|回暖(<35且上升)|加速(>60且上升)|分歧(>50且下降)|退潮(<40从>45连降)|震荡(其他)
20250903,34,16,34,9,9,25,16,20.45,16.13,50.0,2.12,47.06,100.0,64.49,9.07,0.0,0.0,42.94,震荡,今日涨停∩昨日涨停 / 昨日涨停总数 × 100,昨日首板∩今日连板(limit_times≥2) / 昨日首板数 × 100,zha_count / (up_count + zha_count) × 100,"up_count / max(down_count, 1)",seal_zero_count(open_times=0) / up_count × 100,0.25*h_norm + 0.25*p_norm + 0.20*z_norm + 0.15*u_norm + 0.15*s_norm (各因子60日滚动min-max标准化),冰点(<20)|回暖(<35且上升)|加速(>60且上升)|分歧(>50且下降)|退潮(<40从>45连降)|震荡(其他)
20250904,41,32,29,4,7,34,24,20.59,20.0,41.43,1.28,58.54,0.0,64.93,36.13,0.0,64.75,33.17,退潮,今日涨停∩昨日涨停 / 昨日涨停总数 × 100,昨日首板∩今日连板(limit_times≥2) / 昨日首板数 × 100,zha_count / (up_count + zha_count) × 100,"up_count / max(down_count, 1)",seal_zero_count(open_times=0) / up_count × 100,0.25*h_norm + 0.25*p_norm + 0.20*z_norm + 0.15*u_norm + 0.15*s_norm (各因子60日滚动min-max标准化),冰点(<20)|回暖(<35且上升)|加速(>60且上升)|分歧(>50且下降)|退潮(<40从>45连降)|震荡(其他)
20250905,96,3,16,4,7,89,65,17.07,11.76,14.29,32.0,67.71,0.0,53.83,100.0,29.91,100.0,52.94,回暖,今日涨停∩昨日涨停 / 昨日涨停总数 × 100,昨日首板∩今日连板(limit_times≥2) / 昨日首板数 × 100,zha_count / (up_count + zha_count) × 100,"up_count / max(down_count, 1)",seal_zero_count(open_times=0) / up_count × 100,0.25*h_norm + 0.25*p_norm + 0.20*z_norm + 0.15*u_norm + 0.15*s_norm (各因子60日滚动min-max标准化),冰点(<20)|回暖(<35且上升)|加速(>60且上升)|分歧(>50且下降)|退潮(<40从>45连降)|震荡(其他)
20250908,69,3,26,4,11,58,43,11.46,7.87,27.37,23.0,62.32,0.0,36.14,66.1,21.14,73.9,36.51,退潮,今日涨停∩昨日涨停 / 昨日涨停总数 × 100,昨日首板∩今日连板(limit_times≥2) / 昨日首板数 × 100,zha_count / (up_count + zha_count) × 100,"up_count / max(down_count, 1)",seal_zero_count(open_times=0) / up_count × 100,0.25*h_norm + 0.25*p_norm + 0.20*z_norm + 0.15*u_norm + 0.15*s_norm (各因子60日滚动min-max标准化),冰点(<20)|回暖(<35且上升)|加速(>60且上升)|分歧(>50且下降)|退潮(<40从>45连降)|震荡(其他)
20250909,49,4,21,5,8,41,28,11.59,8.62,30.0,12.25,57.14,20.0,36.55,59.28,10.68,48.81,34.92,震荡,今日涨停∩昨日涨停 / 昨日涨停总数 × 100,昨日首板∩今日连板(limit_times≥2) / 昨日首板数 × 100,zha_count / (up_count + zha_count) × 100,"up_count / max(down_count, 1)",seal_zero_count(open_times=0) / up_count × 100,0.25*h_norm + 0.25*p_norm + 0.20*z_norm + 0.15*u_norm + 0.15*s_norm (各因子60日滚动min-max标准化),冰点(<20)|回暖(<35且上升)|加速(>60且上升)|分歧(>50且下降)|退潮(<40从>45连降)|震荡(其他)
20250910,47,3,22,6,10,37,23,20.41,19.51,31.88,15.67,48.94,40.0,64.36,54.41,14.01,9.1,40.44,回暖,今日涨停∩昨日涨停 / 昨日涨停总数 × 100,昨日首板∩今日连板(limit_times≥2) / 昨日首板数 × 100,zha_count / (up_count + zha_count) × 100,"up_count / max(down_count, 1)",seal_zero_count(open_times=0) / up_count × 100,0.25*h_norm + 0.25*p_norm + 0.20*z_norm + 0.15*u_norm + 0.15*s_norm (各因子60日滚动min-max标准化),冰点(<20)|回暖(<35且上升)|加速(>60且上升)|分歧(>50且下降)|退潮(<40从>45连降)|震荡(其他)
20250911,87,3,14,3,11,76,52,23.4,18.92,13.86,29.0,59.77,0.0,73.79,100.0,26.99,61.55,51.73,回暖,今日涨停∩昨日涨停 / 昨日涨停总数 × 100,昨日首板∩今日连板(limit_times≥2) / 昨日首板数 × 100,zha_count / (up_count + zha_count) × 100,"up_count / max(down_count, 1)",seal_zero_count(open_times=0) / up_count × 100,0.25*h_norm + 0.25*p_norm + 0.20*z_norm + 0.15*u_norm + 0.15*s_norm (各因子60日滚动min-max标准化),冰点(<20)|回暖(<35且上升)|加速(>60且上升)|分歧(>50且下降)|退潮(<40从>45连降)|震荡(其他)
20250912,66,1,23,4,18,48,29,20.69,14.47,25.84,66.0,43.94,16.67,65.25,69.29,63.01,0.0,43.79,退潮,今日涨停∩昨日涨停 / 昨日涨停总数 × 100,昨日首板∩今日连板(limit_times≥2) / 昨日首板数 × 100,zha_count / (up_count + zha_count) × 100,"up_count / max(down_count, 1)",seal_zero_count(open_times=0) / up_count × 100,0.25*h_norm + 0.25*p_norm + 0.20*z_norm + 0.15*u_norm + 0.15*s_norm (各因子60日滚动min-max标准化),冰点(<20)|回暖(<35且上升)|加速(>60且上升)|分歧(>50且下降)|退潮(<40从>45连降)|震荡(其他)
20250915,67,3,28,3,10,57,36,15.15,18.75,29.47,22.33,53.73,0.0,47.78,59.98,20.49,41.19,33.19,退潮,今日涨停∩昨日涨停 / 昨日涨停总数 × 100,昨日首板∩今日连板(limit_times≥2) / 昨日首板数 × 100,zha_count / (up_count + zha_count) × 100,"up_count / max(down_count, 1)",seal_zero_count(open_times=0) / up_count × 100,0.25*h_norm + 0.25*p_norm + 0.20*z_norm + 0.15*u_norm + 0.15*s_norm (各因子60日滚动min-max标准化),冰点(<20)|回暖(<35且上升)|加速(>60且上升)|分歧(>50且下降)|退潮(<40从>45连降)|震荡(其他)
20250916,70,1,28,4,14,56,43,20.9,12.28,28.57,70.0,61.43,16.67,65.91,62.29,66.9,73.58,54.18,回暖,今日涨停∩昨日涨停 / 昨日涨停总数 × 100,昨日首板∩今日连板(limit_times≥2) / 昨日首板数 × 100,zha_count / (up_count + zha_count) × 100,"up_count / max(down_count, 1)",seal_zero_count(open_times=0) / up_count × 100,0.25*h_norm + 0.25*p_norm + 0.20*z_norm + 0.15*u_norm + 0.15*s_norm (各因子60日滚动min-max标准化),冰点(<20)|回暖(<35且上升)|加速(>60且上升)|分歧(>50且下降)|退潮(<40从>45连降)|震荡(其他)
20250917,69,0,23,4,15,54,36,21.43,16.07,25.0,69.0,52.17,16.67,67.58,71.44,65.93,34.62,50.43,分歧,今日涨停∩昨日涨停 / 昨日涨停总数 × 100,昨日首板∩今日连板(limit_times≥2) / 昨日首板数 × 100,zha_count / (up_count + zha_count) × 100,"up_count / max(down_count, 1)",seal_zero_count(open_times=0) / up_count × 100,0.25*h_norm + 0.25*p_norm + 0.20*z_norm + 0.15*u_norm + 0.15*s_norm (各因子60日滚动min-max标准化),冰点(<20)|回暖(<35且上升)|加速(>60且上升)|分歧(>50且下降)|退潮(<40从>45连降)|震荡(其他)
20250918,55,0,62,5,18,37,14,26.09,14.81,52.99,55.0,25.45,33.33,82.28,0.0,52.3,0.0,36.75,退潮,今日涨停∩昨日涨停 / 昨日涨停总数 × 100,昨日首板∩今日连板(limit_times≥2) / 昨日首板数 × 100,zha_count / (up_count + zha_count) × 100,"up_count / max(down_count, 1)",seal_zero_count(open_times=0) / up_count × 100,0.25*h_norm + 0.25*p_norm + 0.20*z_norm + 0.15*u_norm + 0.15*s_norm (各因子60日滚动min-max标准化),冰点(<20)|回暖(<35且上升)|加速(>60且上升)|分歧(>50且下降)|退潮(<40从>45连降)|震荡(其他)
20250919,50,21,23,5,11,39,25,20.0,18.92,31.51,2.38,50.0,33.33,63.07,54.89,1.07,58.09,43.95,回暖,今日涨停∩昨日涨停 / 昨日涨停总数 × 100,昨日首板∩今日连板(limit_times≥2) / 昨日首板数 × 100,zha_count / (up_count + zha_count) × 100,"up_count / max(down_count, 1)",seal_zero_count(open_times=0) / up_count × 100,0.25*h_norm + 0.25*p_norm + 0.20*z_norm + 0.15*u_norm + 0.15*s_norm (各因子60日滚动min-max标准化),冰点(<20)|回暖(<35且上升)|加速(>60且上升)|分歧(>50且下降)|退潮(<40从>45连降)|震荡(其他)
20250922,65,7,19,5,11,54,37,22.0,15.38,22.62,9.29,56.92,33.33,69.38,77.61,7.8,74.47,53.54,回暖,今日涨停∩昨日涨停 / 昨日涨停总数 × 100,昨日首板∩今日连板(limit_times≥2) / 昨日首板数 × 100,zha_count / (up_count + zha_count) × 100,"up_count / max(down_count, 1)",seal_zero_count(open_times=0) / up_count × 100,0.25*h_norm + 0.25*p_norm + 0.20*z_norm + 0.15*u_norm + 0.15*s_norm (各因子60日滚动min-max标准化),冰点(<20)|回暖(<35且上升)|加速(>60且上升)|分歧(>50且下降)|退潮(<40从>45连降)|震荡(其他)
20250923,50,9,17,6,18,32,25,27.69,20.37,25.37,5.56,50.0,50.0,87.32,70.59,4.17,58.09,57.79,回暖,今日涨停∩昨日涨停 / 昨日涨停总数 × 100,昨日首板∩今日连板(limit_times≥2) / 昨日首板数 × 100,zha_count / (up_count + zha_count) × 100,"up_count / max(down_count, 1)",seal_zero_count(open_times=0) / up_count × 100,0.25*h_norm + 0.25*p_norm + 0.20*z_norm + 0.15*u_norm + 0.15*s_norm (各因子60日滚动min-max标准化),冰点(<20)|回暖(<35且上升)|加速(>60且上升)|分歧(>50且下降)|退潮(<40从>45连降)|震荡(其他)
20250924,78,7,28,4,12,66,39,24.0,25.0,26.42,11.14,50.0,16.67,75.69,67.9,9.6,58.09,46.82,退潮,今日涨停∩昨日涨停 / 昨日涨停总数 × 100,昨日首板∩今日连板(limit_times≥2) / 昨日首板数 × 100,zha_count / (up_count + zha_count) × 100,"up_count / max(down_count, 1)",seal_zero_count(open_times=0) / up_count × 100,0.25*h_norm + 0.25*p_norm + 0.20*z_norm + 0.15*u_norm + 0.15*s_norm (各因子60日滚动min-max标准化),冰点(<20)|回暖(<35且上升)|加速(>60且上升)|分歧(>50且下降)|退潮(<40从>45连降)|震荡(其他)
20250925,41,6,19,5,10,31,25,12.82,9.09,31.67,6.83,60.98,33.33,40.43,54.49,5.4,84.07,42.76,退潮,今日涨停∩昨日涨停 / 昨日涨停总数 × 100,昨日首板∩今日连板(limit_times≥2) / 昨日首板数 × 100,zha_count / (up_count + zha_count) × 100,"up_count / max(down_count, 1)",seal_zero_count(open_times=0) / up_count × 100,0.25*h_norm + 0.25*p_norm + 0.20*z_norm + 0.15*u_norm + 0.15*s_norm (各因子60日滚动min-max标准化),冰点(<20)|回暖(<35且上升)|加速(>60且上升)|分歧(>50且下降)|退潮(<40从>45连降)|震荡(其他)
20250926,47,21,23,5,9,38,29,21.95,19.35,32.86,2.24,61.7,33.33,69.22,51.44,0.93,85.78,48.93,回暖,今日涨停∩昨日涨停 / 昨日涨停总数 × 100,昨日首板∩今日连板(limit_times≥2) / 昨日首板数 × 100,zha_count / (up_count + zha_count) × 100,"up_count / max(down_count, 1)",seal_zero_count(open_times=0) / up_count × 100,0.25*h_norm + 0.25*p_norm + 0.20*z_norm + 0.15*u_norm + 0.15*s_norm (各因子60日滚动min-max标准化),冰点(<20)|回暖(<35且上升)|加速(>60且上升)|分歧(>50且下降)|退潮(<40从>45连降)|震荡(其他)
20250929,53,2,22,6,8,45,29,17.02,10.53,29.33,26.5,54.72,50.0,53.67,60.47,24.55,69.26,52.08,回暖,今日涨停∩昨日涨停 / 昨日涨停总数 × 100,昨日首板∩今日连板(limit_times≥2) / 昨日首板数 × 100,zha_count / (up_count + zha_count) × 100,"up_count / max(down_count, 1)",seal_zero_count(open_times=0) / up_count × 100,0.25*h_norm + 0.25*p_norm + 0.20*z_norm + 0.15*u_norm + 0.15*s_norm (各因子60日滚动min-max标准化),冰点(<20)|回暖(<35且上升)|加速(>60且上升)|分歧(>50且下降)|退潮(<40从>45连降)|震荡(其他)
20250930,52,1,23,7,10,42,27,18.87,15.56,30.67,52.0,51.92,66.67,59.51,57.04,49.38,62.64,59.76,回暖,今日涨停∩昨日涨停 / 昨日涨停总数 × 100,昨日首板∩今日连板(limit_times≥2) / 昨日首板数 × 100,zha_count / (up_count + zha_count) × 100,"up_count / max(down_count, 1)",seal_zero_count(open_times=0) / up_count × 100,0.25*h_norm + 0.25*p_norm + 0.20*z_norm + 0.15*u_norm + 0.15*s_norm (各因子60日滚动min-max标准化),冰点(<20)|回暖(<35且上升)|加速(>60且上升)|分歧(>50且下降)|退潮(<40从>45连降)|震荡(其他)
20251009,88,17,34,4,9,79,42,17.31,14.29,27.87,5.18,47.73,16.67,54.59,64.2,3.8,52.72,39.13,退潮,今日涨停∩昨日涨停 / 昨日涨停总数 × 100,昨日首板∩今日连板(limit_times≥2) / 昨日首板数 × 100,zha_count / (up_count + zha_count) × 100,"up_count / max(down_count, 1)",seal_zero_count(open_times=0) / up_count × 100,0.25*h_norm + 0.25*p_norm + 0.20*z_norm + 0.15*u_norm + 0.15*s_norm (各因子60日滚动min-max标准化),冰点(<20)|回暖(<35且上升)|加速(>60且上升)|分歧(>50且下降)|退潮(<40从>45连降)|震荡(其他)
20251010,56,6,27,3,10,46,28,11.36,11.39,32.53,9.33,50.0,0.0,35.82,52.29,7.84,58.09,29.3,退潮,今日涨停∩昨日涨停 / 昨日涨停总数 × 100,昨日首板∩今日连板(limit_times≥2) / 昨日首板数 × 100,zha_count / (up_count + zha_count) × 100,"up_count / max(down_count, 1)",seal_zero_count(open_times=0) / up_count × 100,0.25*h_norm + 0.25*p_norm + 0.20*z_norm + 0.15*u_norm + 0.15*s_norm (各因子60日滚动min-max标准化),冰点(<20)|回暖(<35且上升)|加速(>60且上升)|分歧(>50且下降)|退潮(<40从>45连降)|震荡(其他)
20251013,59,3,20,4,12,47,28,21.43,17.39,25.32,19.67,47.46,16.67,67.58,70.71,17.9,52.08,45.7,回暖,今日涨停∩昨日涨停 / 昨日涨停总数 × 100,昨日首板∩今日连板(limit_times≥2) / 昨日首板数 × 100,zha_count / (up_count + zha_count) × 100,"up_count / max(down_count, 1)",seal_zero_count(open_times=0) / up_count × 100,0.25*h_norm + 0.25*p_norm + 0.20*z_norm + 0.15*u_norm + 0.15*s_norm (各因子60日滚动min-max标准化),冰点(<20)|回暖(<35且上升)|加速(>60且上升)|分歧(>50且下降)|退潮(<40从>45连降)|震荡(其他)
20251014,37,2,44,4,11,26,22,18.64,14.89,54.32,18.5,59.46,16.67,58.78,0.0,16.76,80.48,33.45,退潮,今日涨停∩昨日涨停 / 昨日涨停总数 × 100,昨日首板∩今日连板(limit_times≥2) / 昨日首板数 × 100,zha_count / (up_count + zha_count) × 100,"up_count / max(down_count, 1)",seal_zero_count(open_times=0) / up_count × 100,0.25*h_norm + 0.25*p_norm + 0.20*z_norm + 0.15*u_norm + 0.15*s_norm (各因子60日滚动min-max标准化),冰点(<20)|回暖(<35且上升)|加速(>60且上升)|分歧(>50且下降)|退潮(<40从>45连降)|震荡(其他)
20251015,65,4,14,3,7,58,39,18.92,23.08,17.72,16.25,60.0,0.0,59.67,90.46,14.57,81.76,47.46,回暖,今日涨停∩昨日涨停 / 昨日涨停总数 × 100,昨日首板∩今日连板(limit_times≥2) / 昨日首板数 × 100,zha_count / (up_count + zha_count) × 100,"up_count / max(down_count, 1)",seal_zero_count(open_times=0) / up_count × 100,0.25*h_norm + 0.25*p_norm + 0.20*z_norm + 0.15*u_norm + 0.15*s_norm (各因子60日滚动min-max标准化),冰点(<20)|回暖(<35且上升)|加速(>60且上升)|分歧(>50且下降)|退潮(<40从>45连降)|震荡(其他)
20251016,40,5,18,3,12,28,16,18.46,13.79,31.03,8.0,40.0,0.0,58.22,57.56,6.54,34.43,32.21,退潮,今日涨停∩昨日涨停 / 昨日涨停总数 × 100,昨日首板∩今日连板(limit_times≥2) / 昨日首板数 × 100,zha_count / (up_count + zha_count) × 100,"up_count / max(down_count, 1)",seal_zero_count(open_times=0) / up_count × 100,0.25*h_norm + 0.25*p_norm + 0.20*z_norm + 0.15*u_norm + 0.15*s_norm (各因子60日滚动min-max标准化),冰点(<20)|回暖(<35且上升)|加速(>60且上升)|分歧(>50且下降)|退潮(<40从>45连降)|震荡(其他)
20251017,37,22,14,4,10,27,15,25.0,25.0,27.45,1.68,40.54,16.67,78.84,66.41,0.39,35.71,42.57,回暖,今日涨停∩昨日涨停 / 昨日涨停总数 × 100,昨日首板∩今日连板(limit_times≥2) / 昨日首板数 × 100,zha_count / (up_count + zha_count) × 100,"up_count / max(down_count, 1)",seal_zero_count(open_times=0) / up_count × 100,0.25*h_norm + 0.25*p_norm + 0.20*z_norm + 0.15*u_norm + 0.15*s_norm (各因子60日滚动min-max标准化),冰点(<20)|回暖(<35且上升)|加速(>60且上升)|分歧(>50且下降)|退潮(<40从>45连降)|震荡(其他)
20251020,76,2,17,5,10,66,43,27.03,18.52,18.28,38.0,56.58,33.33,85.24,89.08,35.75,73.66,63.87,加速,今日涨停∩昨日涨停 / 昨日涨停总数 × 100,昨日首板∩今日连板(limit_times≥2) / 昨日首板数 × 100,zha_count / (up_count + zha_count) × 100,"up_count / max(down_count, 1)",seal_zero_count(open_times=0) / up_count × 100,0.25*h_norm + 0.25*p_norm + 0.20*z_norm + 0.15*u_norm + 0.15*s_norm (各因子60日滚动min-max标准化),冰点(<20)|回暖(<35且上升)|加速(>60且上升)|分歧(>50且下降)|退潮(<40从>45连降)|震荡(其他)
20251021,78,3,19,6,12,66,45,15.79,15.15,19.59,26.0,57.69,50.0,49.8,85.84,24.07,76.29,57.17,分歧,今日涨停∩昨日涨停 / 昨日涨停总数 × 100,昨日首板∩今日连板(limit_times≥2) / 昨日首板数 × 100,zha_count / (up_count + zha_count) × 100,"up_count / max(down_count, 1)",seal_zero_count(open_times=0) / up_count × 100,0.25*h_norm + 0.25*p_norm + 0.20*z_norm + 0.15*u_norm + 0.15*s_norm (各因子60日滚动min-max标准化),冰点(<20)|回暖(<35且上升)|加速(>60且上升)|分歧(>50且下降)|退潮(<40从>45连降)|震荡(其他)
20251022,56,5,21,7,21,35,33,26.92,21.21,27.27,11.2,58.93,66.67,84.89,66.86,9.66,79.22,64.59,加速,今日涨停∩昨日涨停 / 昨日涨停总数 × 100,昨日首板∩今日连板(limit_times≥2) / 昨日首板数 × 100,zha_count / (up_count + zha_count) × 100,"up_count / max(down_count, 1)",seal_zero_count(open_times=0) / up_count × 100,0.25*h_norm + 0.25*p_norm + 0.20*z_norm + 0.15*u_norm + 0.15*s_norm (各因子60日滚动min-max标准化),冰点(<20)|回暖(<35且上升)|加速(>60且上升)|分歧(>50且下降)|退潮(<40从>45连降)|震荡(其他)
20251023,58,8,14,8,9,49,34,16.07,8.57,19.44,7.25,58.62,83.33,50.68,86.21,5.81,78.49,63.39,分歧,今日涨停∩昨日涨停 / 昨日涨停总数 × 100,昨日首板∩今日连板(limit_times≥2) / 昨日首板数 × 100,zha_count / (up_count + zha_count) × 100,"up_count / max(down_count, 1)",seal_zero_count(open_times=0) / up_count × 100,0.25*h_norm + 0.25*p_norm + 0.20*z_norm + 0.15*u_norm + 0.15*s_norm (各因子60日滚动min-max标准化),冰点(<20)|回暖(<35且上升)|加速(>60且上升)|分歧(>50且下降)|退潮(<40从>45连降)|震荡(其他)
20251024,57,7,20,5,10,47,32,17.24,14.29,25.97,8.14,56.14,33.33,54.37,70.07,6.68,72.62,47.83,退潮,今日涨停∩昨日涨停 / 昨日涨停总数 × 100,昨日首板∩今日连板(limit_times≥2) / 昨日首板数 × 100,zha_count / (up_count + zha_count) × 100,"up_count / max(down_count, 1)",seal_zero_count(open_times=0) / up_count × 100,0.25*h_norm + 0.25*p_norm + 0.20*z_norm + 0.15*u_norm + 0.15*s_norm (各因子60日滚动min-max标准化),冰点(<20)|回暖(<35且上升)|加速(>60且上升)|分歧(>50且下降)|退潮(<40从>45连降)|震荡(其他)
20251027,50,5,29,6,12,38,29,21.05,12.77,36.71,10.0,58.0,50.0,66.38,43.52,8.49,77.02,50.63,震荡,今日涨停∩昨日涨停 / 昨日涨停总数 × 100,昨日首板∩今日连板(limit_times≥2) / 昨日首板数 × 100,zha_count / (up_count + zha_count) × 100,"up_count / max(down_count, 1)",seal_zero_count(open_times=0) / up_count × 100,0.25*h_norm + 0.25*p_norm + 0.20*z_norm + 0.15*u_norm + 0.15*s_norm (各因子60日滚动min-max标准化),冰点(<20)|回暖(<35且上升)|加速(>60且上升)|分歧(>50且下降)|退潮(<40从>45连降)|震荡(其他)
20251028,58,4,18,7,13,45,28,26.0,15.79,23.68,14.5,48.28,66.67,81.99,75.73,12.87,54.02,62.34,加速,今日涨停∩昨日涨停 / 昨日涨停总数 × 100,昨日首板∩今日连板(limit_times≥2) / 昨日首板数 × 100,zha_count / (up_count + zha_count) × 100,"up_count / max(down_count, 1)",seal_zero_count(open_times=0) / up_count × 100,0.25*h_norm + 0.25*p_norm + 0.20*z_norm + 0.15*u_norm + 0.15*s_norm (各因子60日滚动min-max标准化),冰点(<20)|回暖(<35且上升)|加速(>60且上升)|分歧(>50且下降)|退潮(<40从>45连降)|震荡(其他)
20251029,60,1,30,5,11,49,31,18.97,17.78,33.33,60.0,51.67,33.33,59.82,51.88,57.17,62.04,51.54,分歧,今日涨停∩昨日涨停 / 昨日涨停总数 × 100,昨日首板∩今日连板(limit_times≥2) / 昨日首板数 × 100,zha_count / (up_count + zha_count) × 100,"up_count / max(down_count, 1)",seal_zero_count(open_times=0) / up_count × 100,0.25*h_norm + 0.25*p_norm + 0.20*z_norm + 0.15*u_norm + 0.15*s_norm (各因子60日滚动min-max标准化),冰点(<20)|回暖(<35且上升)|加速(>60且上升)|分歧(>50且下降)|退潮(<40从>45连降)|震荡(其他)
20251030,46,8,23,6,12,34,24,20.0,16.33,33.33,5.75,52.17,50.0,63.07,51.88,4.35,63.23,48.78,震荡,今日涨停∩昨日涨停 / 昨日涨停总数 × 100,昨日首板∩今日连板(limit_times≥2) / 昨日首板数 × 100,zha_count / (up_count + zha_count) × 100,"up_count / max(down_count, 1)",seal_zero_count(open_times=0) / up_count × 100,0.25*h_norm + 0.25*p_norm + 0.20*z_norm + 0.15*u_norm + 0.15*s_norm (各因子60日滚动min-max标准化),冰点(<20)|回暖(<35且上升)|加速(>60且上升)|分歧(>50且下降)|退潮(<40从>45连降)|震荡(其他)
20251031,57,12,37,7,9,48,32,19.57,14.71,39.36,4.75,56.14,66.67,61.72,36.97,3.38,72.62,50.89,震荡,今日涨停∩昨日涨停 / 昨日涨停总数 × 100,昨日首板∩今日连板(limit_times≥2) / 昨日首板数 × 100,zha_count / (up_count + zha_count) × 100,"up_count / max(down_count, 1)",seal_zero_count(open_times=0) / up_count × 100,0.25*h_norm + 0.25*p_norm + 0.20*z_norm + 0.15*u_norm + 0.15*s_norm (各因子60日滚动min-max标准化),冰点(<20)|回暖(<35且上升)|加速(>60且上升)|分歧(>50且下降)|退潮(<40从>45连降)|震荡(其他)
20251103,66,7,21,5,10,56,42,17.54,18.75,24.14,9.43,63.64,33.33,55.31,74.59,7.93,90.37,51.82,震荡,今日涨停∩昨日涨停 / 昨日涨停总数 × 100,昨日首板∩今日连板(limit_times≥2) / 昨日首板数 × 100,zha_count / (up_count + zha_count) × 100,"up_count / max(down_count, 1)",seal_zero_count(open_times=0) / up_count × 100,0.25*h_norm + 0.25*p_norm + 0.20*z_norm + 0.15*u_norm + 0.15*s_norm (各因子60日滚动min-max标准化),冰点(<20)|回暖(<35且上升)|加速(>60且上升)|分歧(>50且下降)|退潮(<40从>45连降)|震荡(其他)
20251104,50,4,18,6,14,36,27,21.21,16.07,26.47,12.5,54.0,50.0,66.89,68.83,10.92,67.56,54.76,震荡,今日涨停∩昨日涨停 / 昨日涨停总数 × 100,昨日首板∩今日连板(limit_times≥2) / 昨日首板数 × 100,zha_count / (up_count + zha_count) × 100,"up_count / max(down_count, 1)",seal_zero_count(open_times=0) / up_count × 100,0.25*h_norm + 0.25*p_norm + 0.20*z_norm + 0.15*u_norm + 0.15*s_norm (各因子60日滚动min-max标准化),冰点(<20)|回暖(<35且上升)|加速(>60且上升)|分歧(>50且下降)|退潮(<40从>45连降)|震荡(其他)
20251105,67,1,27,7,19,48,42,38.0,30.56,28.72,67.0,62.69,66.67,100.0,63.27,63.98,88.12,77.14,加速,今日涨停∩昨日涨停 / 昨日涨停总数 × 100,昨日首板∩今日连板(limit_times≥2) / 昨日首板数 × 100,zha_count / (up_count + zha_count) × 100,"up_count / max(down_count, 1)",seal_zero_count(open_times=0) / up_count × 100,0.25*h_norm + 0.25*p_norm + 0.20*z_norm + 0.15*u_norm + 0.15*s_norm (各因子60日滚动min-max标准化),冰点(<20)|回暖(<35且上升)|加速(>60且上升)|分歧(>50且下降)|退潮(<40从>45连降)|震荡(其他)
20251106,62,9,33,8,11,51,34,16.42,14.58,34.74,6.89,54.84,83.33,43.21,48.39,5.46,69.55,52.56,分歧,今日涨停∩昨日涨停 / 昨日涨停总数 × 100,昨日首板∩今日连板(limit_times≥2) / 昨日首板数 × 100,zha_count / (up_count + zha_count) × 100,"up_count / max(down_count, 1)",seal_zero_count(open_times=0) / up_count × 100,0.25*h_norm + 0.25*p_norm + 0.20*z_norm + 0.15*u_norm + 0.15*s_norm (各因子60日滚动min-max标准化),冰点(<20)|回暖(<35且上升)|加速(>60且上升)|分歧(>50且下降)|退潮(<40从>45连降)|震荡(其他)
20251107,53,2,27,9,12,41,26,19.35,15.69,33.75,26.5,49.06,100.0,50.92,50.84,24.55,55.87,59.96,回暖,今日涨停∩昨日涨停 / 昨日涨停总数 × 100,昨日首板∩今日连板(limit_times≥2) / 昨日首板数 × 100,zha_count / (up_count + zha_count) × 100,"up_count / max(down_count, 1)",seal_zero_count(open_times=0) / up_count × 100,0.25*h_norm + 0.25*p_norm + 0.20*z_norm + 0.15*u_norm + 0.15*s_norm (各因子60日滚动min-max标准化),冰点(<20)|回暖(<35且上升)|加速(>60且上升)|分歧(>50且下降)|退潮(<40从>45连降)|震荡(其他)
20251110,71,6,43,5,11,60,36,20.75,12.2,37.72,11.83,50.7,33.33,54.61,41.03,10.27,59.75,40.69,退潮,今日涨停∩昨日涨停 / 昨日涨停总数 × 100,昨日首板∩今日连板(limit_times≥2) / 昨日首板数 × 100,zha_count / (up_count + zha_count) × 100,"up_count / max(down_count, 1)",seal_zero_count(open_times=0) / up_count × 100,0.25*h_norm + 0.25*p_norm + 0.20*z_norm + 0.15*u_norm + 0.15*s_norm (各因子60日滚动min-max标准化),冰点(<20)|回暖(<35且上升)|加速(>60且上升)|分歧(>50且下降)|退潮(<40从>45连降)|震荡(其他)
20251111,67,1,28,6,18,49,42,25.35,25.0,29.47,67.0,62.69,50.0,66.71,61.42,63.98,88.12,64.28,加速,今日涨停∩昨日涨停 / 昨日涨停总数 × 100,昨日首板∩今日连板(limit_times≥2) / 昨日首板数 × 100,zha_count / (up_count + zha_count) × 100,"up_count / max(down_count, 1)",seal_zero_count(open_times=0) / up_count × 100,0.25*h_norm + 0.25*p_norm + 0.20*z_norm + 0.15*u_norm + 0.15*s_norm (各因子60日滚动min-max标准化),冰点(<20)|回暖(<35且上升)|加速(>60且上升)|分歧(>50且下降)|退潮(<40从>45连降)|震荡(其他)
20251112,58,5,19,7,19,39,29,28.36,20.41,24.68,11.6,50.0,66.67,74.63,73.26,10.05,58.09,60.2,分歧,今日涨停∩昨日涨停 / 昨日涨停总数 × 100,昨日首板∩今日连板(limit_times≥2) / 昨日首板数 × 100,zha_count / (up_count + zha_count) × 100,"up_count / max(down_count, 1)",seal_zero_count(open_times=0) / up_count × 100,0.25*h_norm + 0.25*p_norm + 0.20*z_norm + 0.15*u_norm + 0.15*s_norm (各因子60日滚动min-max标准化),冰点(<20)|回暖(<35且上升)|加速(>60且上升)|分歧(>50且下降)|退潮(<40从>45连降)|震荡(其他)
20251113,85,0,41,8,18,67,41,31.03,17.95,32.54,85.0,48.24,83.33,81.66,53.83,81.5,53.93,72.33,加速,今日涨停∩昨日涨停 / 昨日涨停总数 × 100,昨日首板∩今日连板(limit_times≥2) / 昨日首板数 × 100,zha_count / (up_count + zha_count) × 100,"up_count / max(down_count, 1)",seal_zero_count(open_times=0) / up_count × 100,0.25*h_norm + 0.25*p_norm + 0.20*z_norm + 0.15*u_norm + 0.15*s_norm (各因子60日滚动min-max标准化),冰点(<20)|回暖(<35且上升)|加速(>60且上升)|分歧(>50且下降)|退潮(<40从>45连降)|震荡(其他)
20251114,70,6,29,7,21,49,40,24.71,16.42,29.29,11.67,57.14,66.67,65.03,61.86,10.11,74.99,58.06,分歧,今日涨停∩昨日涨停 / 昨日涨停总数 × 100,昨日首板∩今日连板(limit_times≥2) / 昨日首板数 × 100,zha_count / (up_count + zha_count) × 100,"up_count / max(down_count, 1)",seal_zero_count(open_times=0) / up_count × 100,0.25*h_norm + 0.25*p_norm + 0.20*z_norm + 0.15*u_norm + 0.15*s_norm (各因子60日滚动min-max标准化),冰点(<20)|回暖(<35且上升)|加速(>60且上升)|分歧(>50且下降)|退潮(<40从>45连降)|震荡(其他)
20251117,85,4,25,8,25,60,35,35.71,26.53,22.73,21.25,41.18,83.33,93.97,78.08,19.44,37.22,68.44,加速,今日涨停∩昨日涨停 / 昨日涨停总数 × 100,昨日首板∩今日连板(limit_times≥2) / 昨日首板数 × 100,zha_count / (up_count + zha_count) × 100,"up_count / max(down_count, 1)",seal_zero_count(open_times=0) / up_count × 100,0.25*h_norm + 0.25*p_norm + 0.20*z_norm + 0.15*u_norm + 0.15*s_norm (各因子60日滚动min-max标准化),冰点(<20)|回暖(<35且上升)|加速(>60且上升)|分歧(>50且下降)|退潮(<40从>45连降)|震荡(其他)
20251118,45,31,26,6,17,28,23,20.0,13.33,36.62,1.45,51.11,50.0,52.63,43.75,0.17,60.72,43.54,退潮,今日涨停∩昨日涨停 / 昨日涨停总数 × 100,昨日首板∩今日连板(limit_times≥2) / 昨日首板数 × 100,zha_count / (up_count + zha_count) × 100,"up_count / max(down_count, 1)",seal_zero_count(open_times=0) / up_count × 100,0.25*h_norm + 0.25*p_norm + 0.20*z_norm + 0.15*u_norm + 0.15*s_norm (各因子60日滚动min-max标准化),冰点(<20)|回暖(<35且上升)|加速(>60且上升)|分歧(>50且下降)|退潮(<40从>45连降)|震荡(其他)
20251119,54,22,21,6,15,39,27,33.33,25.0,28.0,2.45,50.0,50.0,87.71,65.05,1.14,58.09,56.32,回暖,今日涨停∩昨日涨停 / 昨日涨停总数 × 100,昨日首板∩今日连板(limit_times≥2) / 昨日首板数 × 100,zha_count / (up_count + zha_count) × 100,"up_count / max(down_count, 1)",seal_zero_count(open_times=0) / up_count × 100,0.25*h_norm + 0.25*p_norm + 0.20*z_norm + 0.15*u_norm + 0.15*s_norm (各因子60日滚动min-max标准化),冰点(<20)|回暖(<35且上升)|加速(>60且上升)|分歧(>50且下降)|退潮(<40从>45连降)|震荡(其他)
20251120,41,7,42,7,12,29,20,22.22,15.38,50.6,5.86,48.78,66.67,58.47,9.19,4.46,55.21,42.07,退潮,今日涨停∩昨日涨停 / 昨日涨停总数 × 100,昨日首板∩今日连板(limit_times≥2) / 昨日首板数 × 100,zha_count / (up_count + zha_count) × 100,"up_count / max(down_count, 1)",seal_zero_count(open_times=0) / up_count × 100,0.25*h_norm + 0.25*p_norm + 0.20*z_norm + 0.15*u_norm + 0.15*s_norm (各因子60日滚动min-max标准化),冰点(<20)|回暖(<35且上升)|加速(>60且上升)|分歧(>50且下降)|退潮(<40从>45连降)|震荡(其他)
20251121,28,71,20,6,9,19,14,21.95,13.79,41.67,0.39,50.0,50.0,57.76,31.27,0.0,58.09,41.91,震荡,今日涨停∩昨日涨停 / 昨日涨停总数 × 100,昨日首板∩今日连板(limit_times≥2) / 昨日首板数 × 100,zha_count / (up_count + zha_count) × 100,"up_count / max(down_count, 1)",seal_zero_count(open_times=0) / up_count × 100,0.25*h_norm + 0.25*p_norm + 0.20*z_norm + 0.15*u_norm + 0.15*s_norm (各因子60日滚动min-max标准化),冰点(<20)|回暖(<35且上升)|加速(>60且上升)|分歧(>50且下降)|退潮(<40从>45连降)|震荡(其他)
20251124,66,23,20,7,13,53,41,46.43,47.37,23.26,2.87,62.12,66.67,100.0,76.77,2.39,86.77,70.4,加速,今日涨停∩昨日涨停 / 昨日涨停总数 × 100,昨日首板∩今日连板(limit_times≥2) / 昨日首板数 × 100,zha_count / (up_count + zha_count) × 100,"up_count / max(down_count, 1)",seal_zero_count(open_times=0) / up_count × 100,0.25*h_norm + 0.25*p_norm + 0.20*z_norm + 0.15*u_norm + 0.15*s_norm (各因子60日滚动min-max标准化),冰点(<20)|回暖(<35且上升)|加速(>60且上升)|分歧(>50且下降)|退潮(<40从>45连降)|震荡(其他)
20251125,77,4,25,5,12,65,46,18.18,9.43,24.51,19.25,59.74,33.33,39.16,73.68,18.2,81.14,47.76,退潮,今日涨停∩昨日涨停 / 昨日涨停总数 × 100,昨日首板∩今日连板(limit_times≥2) / 昨日首板数 × 100,zha_count / (up_count + zha_count) × 100,"up_count / max(down_count, 1)",seal_zero_count(open_times=0) / up_count × 100,0.25*h_norm + 0.25*p_norm + 0.20*z_norm + 0.15*u_norm + 0.15*s_norm (各因子60日滚动min-max标准化),冰点(<20)|回暖(<35且上升)|加速(>60且上升)|分歧(>50且下降)|退潮(<40从>45连降)|震荡(其他)
20251126,68,3,23,5,21,47,38,27.27,21.54,25.27,22.67,55.88,33.33,45.37,71.8,21.5,72.01,48.06,震荡,今日涨停∩昨日涨停 / 昨日涨停总数 × 100,昨日首板∩今日连板(limit_times≥2) / 昨日首板数 × 100,zha_count / (up_count + zha_count) × 100,"up_count / max(down_count, 1)",seal_zero_count(open_times=0) / up_count × 100,0.25*h_norm + 0.25*p_norm + 0.20*z_norm + 0.15*u_norm + 0.15*s_norm (各因子60日滚动min-max标准化),冰点(<20)|回暖(<35且上升)|加速(>60且上升)|分歧(>50且下降)|退潮(<40从>45连降)|震荡(其他)
20251127,53,8,34,4,10,43,32,14.71,12.77,39.08,6.62,60.38,16.67,9.55,37.67,6.01,82.65,27.39,退潮,今日涨停∩昨日涨停 / 昨日涨停总数 × 100,昨日首板∩今日连板(limit_times≥2) / 昨日首板数 × 100,zha_count / (up_count + zha_count) × 100,"up_count / max(down_count, 1)",seal_zero_count(open_times=0) / up_count × 100,0.25*h_norm + 0.25*p_norm + 0.20*z_norm + 0.15*u_norm + 0.15*s_norm (各因子60日滚动min-max标准化),冰点(<20)|回暖(<35且上升)|加速(>60且上升)|分歧(>50且下降)|退潮(<40从>45连降)|震荡(其他)
20251128,70,3,27,5,9,61,46,16.98,11.63,27.84,23.33,65.71,33.33,16.03,65.45,22.14,95.27,43.04,回暖,今日涨停∩昨日涨停 / 昨日涨停总数 × 100,昨日首板∩今日连板(limit_times≥2) / 昨日首板数 × 100,zha_count / (up_count + zha_count) × 100,"up_count / max(down_count, 1)",seal_zero_count(open_times=0) / up_count × 100,0.25*h_norm + 0.25*p_norm + 0.20*z_norm + 0.15*u_norm + 0.15*s_norm (各因子60日滚动min-max标准化),冰点(<20)|回暖(<35且上升)|加速(>60且上升)|分歧(>50且下降)|退潮(<40从>45连降)|震荡(其他)
20251201,64,3,27,6,18,46,37,25.71,18.03,29.67,21.33,57.81,50.0,40.92,60.92,20.21,76.57,49.43,回暖,今日涨停∩昨日涨停 / 昨日涨停总数 × 100,昨日首板∩今日连板(limit_times≥2) / 昨日首板数 × 100,zha_count / (up_count + zha_count) × 100,"up_count / max(down_count, 1)",seal_zero_count(open_times=0) / up_count × 100,0.25*h_norm + 0.25*p_norm + 0.20*z_norm + 0.15*u_norm + 0.15*s_norm (各因子60日滚动min-max标准化),冰点(<20)|回暖(<35且上升)|加速(>60且上升)|分歧(>50且下降)|退潮(<40从>45连降)|震荡(其他)
20251202,47,2,19,7,15,32,25,23.44,8.7,28.79,23.5,53.19,66.67,34.45,63.1,27.31,65.64,51.84,震荡,今日涨停∩昨日涨停 / 昨日涨停总数 × 100,昨日首板∩今日连板(limit_times≥2) / 昨日首板数 × 100,zha_count / (up_count + zha_count) × 100,"up_count / max(down_count, 1)",seal_zero_count(open_times=0) / up_count × 100,0.25*h_norm + 0.25*p_norm + 0.20*z_norm + 0.15*u_norm + 0.15*s_norm (各因子60日滚动min-max标准化),冰点(<20)|回暖(<35且上升)|加速(>60且上升)|分歧(>50且下降)|退潮(<40从>45连降)|震荡(其他)
20251203,48,7,25,6,11,37,18,23.4,18.75,34.25,6.86,37.5,50.0,34.33,49.6,7.65,28.51,36.43,退潮,今日涨停∩昨日涨停 / 昨日涨停总数 × 100,昨日首板∩今日连板(limit_times≥2) / 昨日首板数 × 100,zha_count / (up_count + zha_count) × 100,"up_count / max(down_count, 1)",seal_zero_count(open_times=0) / up_count × 100,0.25*h_norm + 0.25*p_norm + 0.20*z_norm + 0.15*u_norm + 0.15*s_norm (各因子60日滚动min-max标准化),冰点(<20)|回暖(<35且上升)|加速(>60且上升)|分歧(>50且下降)|退潮(<40从>45连降)|震荡(其他)
20251204,38,13,26,3,10,28,14,20.83,18.92,40.62,2.92,36.84,0.0,27.0,33.86,2.99,26.95,18.01,冰点,今日涨停∩昨日涨停 / 昨日涨停总数 × 100,昨日首板∩今日连板(limit_times≥2) / 昨日首板数 × 100,zha_count / (up_count + zha_count) × 100,"up_count / max(down_count, 1)",seal_zero_count(open_times=0) / up_count × 100,0.25*h_norm + 0.25*p_norm + 0.20*z_norm + 0.15*u_norm + 0.15*s_norm (各因子60日滚动min-max标准化),冰点(<20)|回暖(<35且上升)|加速(>60且上升)|分歧(>50且下降)|退潮(<40从>45连降)|震荡(其他)
20251205,73,2,21,4,11,62,45,28.95,14.29,22.34,36.5,61.64,16.67,50.16,79.04,42.68,85.64,51.76,回暖,今日涨停∩昨日涨停 / 昨日涨停总数 × 100,昨日首板∩今日连板(limit_times≥2) / 昨日首板数 × 100,zha_count / (up_count + zha_count) × 100,"up_count / max(down_count, 1)",seal_zero_count(open_times=0) / up_count × 100,0.25*h_norm + 0.25*p_norm + 0.20*z_norm + 0.15*u_norm + 0.15*s_norm (各因子60日滚动min-max标准化),冰点(<20)|回暖(<35且上升)|加速(>60且上升)|分歧(>50且下降)|退潮(<40从>45连降)|震荡(其他)
20251208,74,2,28,5,26,48,45,35.62,32.26,27.45,37.0,60.81,33.33,69.18,66.41,43.27,87.83,58.57,回暖,今日涨停∩昨日涨停 / 昨日涨停总数 × 100,昨日首板∩今日连板(limit_times≥2) / 昨日首板数 × 100,zha_count / (up_count + zha_count) × 100,"up_count / max(down_count, 1)",seal_zero_count(open_times=0) / up_count × 100,0.25*h_norm + 0.25*p_norm + 0.20*z_norm + 0.15*u_norm + 0.15*s_norm (各因子60日滚动min-max标准化),冰点(<20)|回暖(<35且上升)|加速(>60且上升)|分歧(>50且下降)|退潮(<40从>45连降)|震荡(其他)
20251209,53,7,23,6,17,36,28,22.97,20.83,30.26,7.57,52.83,50.0,33.11,59.47,8.49,68.01,44.15,退潮,今日涨停∩昨日涨停 / 昨日涨停总数 × 100,昨日首板∩今日连板(limit_times≥2) / 昨日首板数 × 100,zha_count / (up_count + zha_count) × 100,"up_count / max(down_count, 1)",seal_zero_count(open_times=0) / up_count × 100,0.25*h_norm + 0.25*p_norm + 0.20*z_norm + 0.15*u_norm + 0.15*s_norm (各因子60日滚动min-max标准化),冰点(<20)|回暖(<35且上升)|加速(>60且上升)|分歧(>50且下降)|退潮(<40从>45连降)|震荡(其他)
20251210,57,3,28,6,16,41,30,30.19,22.22,32.94,19.0,52.63,50.0,53.69,52.84,22.0,67.51,49.92,回暖,今日涨停∩昨日涨停 / 昨日涨停总数 × 100,昨日首板∩今日连板(limit_times≥2) / 昨日首板数 × 100,zha_count / (up_count + zha_count) × 100,"up_count / max(down_count, 1)",seal_zero_count(open_times=0) / up_count × 100,0.25*h_norm + 0.25*p_norm + 0.20*z_norm + 0.15*u_norm + 0.15*s_norm (各因子60日滚动min-max标准化),冰点(<20)|回暖(<35且上升)|加速(>60且上升)|分歧(>50且下降)|退潮(<40从>45连降)|震荡(其他)
20251211,34,19,27,5,9,25,17,15.79,12.2,44.26,1.79,50.0,33.33,12.63,24.86,1.65,60.98,25.86,退潮,今日涨停∩昨日涨停 / 昨日涨停总数 × 100,昨日首板∩今日连板(limit_times≥2) / 昨日首板数 × 100,zha_count / (up_count + zha_count) × 100,"up_count / max(down_count, 1)",seal_zero_count(open_times=0) / up_count × 100,0.25*h_norm + 0.25*p_norm + 0.20*z_norm + 0.15*u_norm + 0.15*s_norm (各因子60日滚动min-max标准化),冰点(<20)|回暖(<35且上升)|加速(>60且上升)|分歧(>50且下降)|退潮(<40从>45连降)|震荡(其他)
20251212,78,15,12,5,13,65,47,38.24,44.0,13.33,5.2,60.26,33.33,76.65,100.0,5.68,86.46,61.32,加速,今日涨停∩昨日涨停 / 昨日涨停总数 × 100,昨日首板∩今日连板(limit_times≥2) / 昨日首板数 × 100,zha_count / (up_count + zha_count) × 100,"up_count / max(down_count, 1)",seal_zero_count(open_times=0) / up_count × 100,0.25*h_norm + 0.25*p_norm + 0.20*z_norm + 0.15*u_norm + 0.15*s_norm (各因子60日滚动min-max标准化),冰点(<20)|回暖(<35且上升)|加速(>60且上升)|分歧(>50且下降)|退潮(<40从>45连降)|震荡(其他)
20251215,59,9,33,6,13,46,36,16.67,9.23,35.87,6.56,61.02,50.0,15.14,45.01,7.29,88.35,39.63,退潮,今日涨停∩昨日涨停 / 昨日涨停总数 × 100,昨日首板∩今日连板(limit_times≥2) / 昨日首板数 × 100,zha_count / (up_count + zha_count) × 100,"up_count / max(down_count, 1)",seal_zero_count(open_times=0) / up_count × 100,0.25*h_norm + 0.25*p_norm + 0.20*z_norm + 0.15*u_norm + 0.15*s_norm (各因子60日滚动min-max标准化),冰点(<20)|回暖(<35且上升)|加速(>60且上升)|分歧(>50且下降)|退潮(<40从>45连降)|震荡(其他)
20251216,42,15,19,4,12,30,26,20.34,15.22,31.15,2.8,61.9,16.67,25.61,56.53,2.85,90.54,35.88,退潮,今日涨停∩昨日涨停 / 昨日涨停总数 × 100,昨日首板∩今日连板(limit_times≥2) / 昨日首板数 × 100,zha_count / (up_count + zha_count) × 100,"up_count / max(down_count, 1)",seal_zero_count(open_times=0) / up_count × 100,0.25*h_norm + 0.25*p_norm + 0.20*z_norm + 0.15*u_norm + 0.15*s_norm (各因子60日滚动min-max标准化),冰点(<20)|回暖(<35且上升)|加速(>60且上升)|分歧(>50且下降)|退潮(<40从>45连降)|震荡(其他)
20251217,49,19,20,5,8,41,25,19.05,16.67,28.99,2.58,51.02,33.33,21.93,61.8,2.59,63.51,36.09,震荡,今日涨停∩昨日涨停 / 昨日涨停总数 × 100,昨日首板∩今日连板(limit_times≥2) / 昨日首板数 × 100,zha_count / (up_count + zha_count) × 100,"up_count / max(down_count, 1)",seal_zero_count(open_times=0) / up_count × 100,0.25*h_norm + 0.25*p_norm + 0.20*z_norm + 0.15*u_norm + 0.15*s_norm (各因子60日滚动min-max标准化),冰点(<20)|回暖(<35且上升)|加速(>60且上升)|分歧(>50且下降)|退潮(<40从>45连降)|震荡(其他)
20251218,61,4,19,6,17,44,37,34.69,26.83,23.75,15.25,60.66,50.0,66.52,74.58,17.56,87.46,59.8,回暖,今日涨停∩昨日涨停 / 昨日涨停总数 × 100,昨日首板∩今日连板(limit_times≥2) / 昨日首板数 × 100,zha_count / (up_count + zha_count) × 100,"up_count / max(down_count, 1)",seal_zero_count(open_times=0) / up_count × 100,0.25*h_norm + 0.25*p_norm + 0.20*z_norm + 0.15*u_norm + 0.15*s_norm (各因子60日滚动min-max标准化),冰点(<20)|回暖(<35且上升)|加速(>60且上升)|分歧(>50且下降)|退潮(<40从>45连降)|震荡(其他)
20251219,70,1,22,6,15,55,38,24.59,18.18,23.91,70.0,54.29,50.0,37.72,74.19,82.27,60.44,58.17,分歧,今日涨停∩昨日涨停 / 昨日涨停总数 × 100,昨日首板∩今日连板(limit_times≥2) / 昨日首板数 × 100,zha_count / (up_count + zha_count) × 100,"up_count / max(down_count, 1)",seal_zero_count(open_times=0) / up_count × 100,0.25*h_norm + 0.25*p_norm + 0.20*z_norm + 0.15*u_norm + 0.15*s_norm (各因子60日滚动min-max标准化),冰点(<20)|回暖(<35且上升)|加速(>60且上升)|分歧(>50且下降)|退潮(<40从>45连降)|震荡(其他)
20251222,80,8,32,7,16,64,41,22.86,20.0,28.57,10.0,51.25,66.67,32.79,62.82,11.36,49.91,46.62,退潮,今日涨停∩昨日涨停 / 昨日涨停总数 × 100,昨日首板∩今日连板(limit_times≥2) / 昨日首板数 × 100,zha_count / (up_count + zha_count) × 100,"up_count / max(down_count, 1)",seal_zero_count(open_times=0) / up_count × 100,0.25*h_norm + 0.25*p_norm + 0.20*z_norm + 0.15*u_norm + 0.15*s_norm (各因子60日滚动min-max标准化),冰点(<20)|回暖(<35且上升)|加速(>60且上升)|分歧(>50且下降)|退潮(<40从>45连降)|震荡(其他)
20251223,54,9,21,8,17,37,25,21.25,12.5,28.0,6.0,46.3,83.33,28.2,64.21,6.63,32.77,46.63,震荡,今日涨停∩昨日涨停 / 昨日涨停总数 × 100,昨日首板∩今日连板(limit_times≥2) / 昨日首板数 × 100,zha_count / (up_count + zha_count) × 100,"up_count / max(down_count, 1)",seal_zero_count(open_times=0) / up_count × 100,0.25*h_norm + 0.25*p_norm + 0.20*z_norm + 0.15*u_norm + 0.15*s_norm (各因子60日滚动min-max标准化),冰点(<20)|回暖(<35且上升)|加速(>60且上升)|分歧(>50且下降)|退潮(<40从>45连降)|震荡(其他)
20251224,76,4,21,9,14,62,38,25.93,13.51,21.65,19.0,50.0,100.0,41.55,79.7,22.0,45.58,61.46,加速,今日涨停∩昨日涨停 / 昨日涨停总数 × 100,昨日首板∩今日连板(limit_times≥2) / 昨日首板数 × 100,zha_count / (up_count + zha_count) × 100,"up_count / max(down_count, 1)",seal_zero_count(open_times=0) / up_count × 100,0.25*h_norm + 0.25*p_norm + 0.20*z_norm + 0.15*u_norm + 0.15*s_norm (各因子60日滚动min-max标准化),冰点(<20)|回暖(<35且上升)|加速(>60且上升)|分歧(>50且下降)|退潮(<40从>45连降)|震荡(其他)
20251225,79,0,24,10,22,57,43,28.95,20.97,23.3,79.0,54.43,100.0,50.16,75.68,92.91,60.93,75.75,加速,今日涨停∩昨日涨停 / 昨日涨停总数 × 100,昨日首板∩今日连板(limit_times≥2) / 昨日首板数 × 100,zha_count / (up_count + zha_count) × 100,"up_count / max(down_count, 1)",seal_zero_count(open_times=0) / up_count × 100,0.25*h_norm + 0.25*p_norm + 0.20*z_norm + 0.15*u_norm + 0.15*s_norm (各因子60日滚动min-max标准化),冰点(<20)|回暖(<35且上升)|加速(>60且上升)|分歧(>50且下降)|退潮(<40从>45连降)|震荡(其他)
20251226,82,1,20,11,22,60,35,27.85,14.04,19.61,82.0,42.68,100.0,47.02,84.68,96.45,20.23,71.19,分歧,今日涨停∩昨日涨停 / 昨日涨停总数 × 100,昨日首板∩今日连板(limit_times≥2) / 昨日首板数 × 100,zha_count / (up_count + zha_count) × 100,"up_count / max(down_count, 1)",seal_zero_count(open_times=0) / up_count × 100,0.25*h_norm + 0.25*p_norm + 0.20*z_norm + 0.15*u_norm + 0.15*s_norm (各因子60日滚动min-max标准化),冰点(<20)|回暖(<35且上升)|加速(>60且上升)|分歧(>50且下降)|退潮(<40从>45连降)|震荡(其他)
20251229,72,16,26,12,18,54,34,21.95,13.33,26.53,4.5,47.22,100.0,30.2,67.8,4.86,35.95,52.23,分歧,今日涨停∩昨日涨停 / 昨日涨停总数 × 100,昨日首板∩今日连板(limit_times≥2) / 昨日首板数 × 100,zha_count / (up_count + zha_count) × 100,"up_count / max(down_count, 1)",seal_zero_count(open_times=0) / up_count × 100,0.25*h_norm + 0.25*p_norm + 0.20*z_norm + 0.15*u_norm + 0.15*s_norm (各因子60日滚动min-max标准化),冰点(<20)|回暖(<35且上升)|加速(>60且上升)|分歧(>50且下降)|退潮(<40从>45连降)|震荡(其他)
20251230,54,13,26,10,18,36,26,25.0,22.22,32.5,4.15,48.15,77.78,38.89,53.23,4.44,39.18,46.36,退潮,今日涨停∩昨日涨停 / 昨日涨停总数 × 100,昨日首板∩今日连板(limit_times≥2) / 昨日首板数 × 100,zha_count / (up_count + zha_count) × 100,"up_count / max(down_count, 1)",seal_zero_count(open_times=0) / up_count × 100,0.25*h_norm + 0.25*p_norm + 0.20*z_norm + 0.15*u_norm + 0.15*s_norm (各因子60日滚动min-max标准化),冰点(<20)|回暖(<35且上升)|加速(>60且上升)|分歧(>50且下降)|退潮(<40从>45连降)|震荡(其他)
20251231,57,6,19,6,12,45,36,22.22,13.89,25.0,9.5,63.16,33.33,30.97,71.53,10.77,91.17,45.67,震荡,今日涨停∩昨日涨停 / 昨日涨停总数 × 100,昨日首板∩今日连板(limit_times≥2) / 昨日首板数 × 100,zha_count / (up_count + zha_count) × 100,"up_count / max(down_count, 1)",seal_zero_count(open_times=0) / up_count × 100,0.25*h_norm + 0.25*p_norm + 0.20*z_norm + 0.15*u_norm + 0.15*s_norm (各因子60日滚动min-max标准化),冰点(<20)|回暖(<35且上升)|加速(>60且上升)|分歧(>50且下降)|退潮(<40从>45连降)|震荡(其他)
20260105,108,8,26,6,14,94,54,24.56,24.44,19.4,13.5,50.0,33.33,37.64,85.19,15.49,45.58,43.94,震荡,今日涨停∩昨日涨停 / 昨日涨停总数 × 100,昨日首板∩今日连板(limit_times≥2) / 昨日首板数 × 100,zha_count / (up_count + zha_count) × 100,"up_count / max(down_count, 1)",seal_zero_count(open_times=0) / up_count × 100,0.25*h_norm + 0.25*p_norm + 0.20*z_norm + 0.15*u_norm + 0.15*s_norm (各因子60日滚动min-max标准化),冰点(<20)|回暖(<35且上升)|加速(>60且上升)|分歧(>50且下降)|退潮(<40从>45连降)|震荡(其他)
20260106,120,1,25,7,42,78,64,38.89,35.11,17.24,120.0,53.33,44.44,76.23,90.46,100.0,57.12,71.83,加速,今日涨停∩昨日涨停 / 昨日涨停总数 × 100,昨日首板∩今日连板(limit_times≥2) / 昨日首板数 × 100,zha_count / (up_count + zha_count) × 100,"up_count / max(down_count, 1)",seal_zero_count(open_times=0) / up_count × 100,0.25*h_norm + 0.25*p_norm + 0.20*z_norm + 0.15*u_norm + 0.15*s_norm (各因子60日滚动min-max标准化),冰点(<20)|回暖(<35且上升)|加速(>60且上升)|分歧(>50且下降)|退潮(<40从>45连降)|震荡(其他)
20260107,80,3,44,8,23,57,40,19.17,10.26,35.48,26.67,50.0,55.56,14.06,45.96,21.97,45.58,36.73,退潮,今日涨停∩昨日涨停 / 昨日涨停总数 × 100,昨日首板∩今日连板(limit_times≥2) / 昨日首板数 × 100,zha_count / (up_count + zha_count) × 100,"up_count / max(down_count, 1)",seal_zero_count(open_times=0) / up_count × 100,0.25*h_norm + 0.25*p_norm + 0.20*z_norm + 0.15*u_norm + 0.15*s_norm (各因子60日滚动min-max标准化),冰点(<20)|回暖(<35且上升)|加速(>60且上升)|分歧(>50且下降)|退潮(<40从>45连降)|震荡(其他)
20260108,92,3,29,9,26,66,50,32.5,21.05,23.97,30.67,54.35,66.67,56.08,71.45,25.32,60.65,57.87,回暖,今日涨停∩昨日涨停 / 昨日涨停总数 × 100,昨日首板∩今日连板(limit_times≥2) / 昨日首板数 × 100,zha_count / (up_count + zha_count) × 100,"up_count / max(down_count, 1)",seal_zero_count(open_times=0) / up_count × 100,0.25*h_norm + 0.25*p_norm + 0.20*z_norm + 0.15*u_norm + 0.15*s_norm (各因子60日滚动min-max标准化),冰点(<20)|回暖(<35且上升)|加速(>60且上升)|分歧(>50且下降)|退潮(<40从>45连降)|震荡(其他)
20260109,94,1,46,10,19,75,44,20.65,13.64,32.86,94.0,46.81,77.78,18.73,47.6,78.26,34.53,50.57,分歧,今日涨停∩昨日涨停 / 昨日涨停总数 × 100,昨日首板∩今日连板(limit_times≥2) / 昨日首板数 × 100,zha_count / (up_count + zha_count) × 100,"up_count / max(down_count, 1)",seal_zero_count(open_times=0) / up_count × 100,0.25*h_norm + 0.25*p_norm + 0.20*z_norm + 0.15*u_norm + 0.15*s_norm (各因子60日滚动min-max标准化),冰点(<20)|回暖(<35且上升)|加速(>60且上升)|分歧(>50且下降)|退潮(<40从>45连降)|震荡(其他)
20260112,183,3,48,11,43,140,71,45.74,38.67,20.78,61.0,38.8,88.89,97.82,80.01,50.67,6.79,71.3,加速,今日涨停∩昨日涨停 / 昨日涨停总数 × 100,昨日首板∩今日连板(limit_times≥2) / 昨日首板数 × 100,zha_count / (up_count + zha_count) × 100,"up_count / max(down_count, 1)",seal_zero_count(open_times=0) / up_count × 100,0.25*h_norm + 0.25*p_norm + 0.20*z_norm + 0.15*u_norm + 0.15*s_norm (各因子60日滚动min-max标准化),冰点(<20)|回暖(<35且上升)|加速(>60且上升)|分歧(>50且下降)|退潮(<40从>45连降)|震荡(其他)
20260113,66,49,62,12,29,37,32,15.85,11.43,48.44,1.35,48.48,100.0,3.59,5.8,0.8,40.32,33.23,退潮,今日涨停∩昨日涨停 / 昨日涨停总数 × 100,昨日首板∩今日连板(limit_times≥2) / 昨日首板数 × 100,zha_count / (up_count + zha_count) × 100,"up_count / max(down_count, 1)",seal_zero_count(open_times=0) / up_count × 100,0.25*h_norm + 0.25*p_norm + 0.20*z_norm + 0.15*u_norm + 0.15*s_norm (各因子60日滚动min-max标准化),冰点(<20)|回暖(<35且上升)|加速(>60且上升)|分歧(>50且下降)|退潮(<40从>45连降)|震荡(其他)
20260114,102,14,59,5,19,83,35,28.79,13.51,36.65,7.29,34.31,22.22,44.39,37.43,5.77,0.0,25.0,退潮,今日涨停∩昨日涨停 / 昨日涨停总数 × 100,昨日首板∩今日连板(limit_times≥2) / 昨日首板数 × 100,zha_count / (up_count + zha_count) × 100,"up_count / max(down_count, 1)",seal_zero_count(open_times=0) / up_count × 100,0.25*h_norm + 0.25*p_norm + 0.20*z_norm + 0.15*u_norm + 0.15*s_norm (各因子60日滚动min-max标准化),冰点(<20)|回暖(<35且上升)|加速(>60且上升)|分歧(>50且下降)|退潮(<40从>45连降)|震荡(其他)
20260115,55,63,18,4,14,41,32,13.73,12.05,24.66,0.87,58.18,11.11,0.0,69.6,0.4,76.02,28.16,回暖,今日涨停∩昨日涨停 / 昨日涨停总数 × 100,昨日首板∩今日连板(limit_times≥2) / 昨日首板数 × 100,zha_count / (up_count + zha_count) × 100,"up_count / max(down_count, 1)",seal_zero_count(open_times=0) / up_count × 100,0.25*h_norm + 0.25*p_norm + 0.20*z_norm + 0.15*u_norm + 0.15*s_norm (各因子60日滚动min-max标准化),冰点(<20)|回暖(<35且上升)|加速(>60且上升)|分歧(>50且下降)|退潮(<40从>45连降)|震荡(其他)
20260116,58,46,39,5,6,52,36,10.91,7.32,40.21,1.26,62.07,22.22,0.0,27.88,0.73,88.41,24.5,退潮,今日涨停∩昨日涨停 / 昨日涨停总数 × 100,昨日首板∩今日连板(limit_times≥2) / 昨日首板数 × 100,zha_count / (up_count + zha_count) × 100,"up_count / max(down_count, 1)",seal_zero_count(open_times=0) / up_count × 100,0.25*h_norm + 0.25*p_norm + 0.20*z_norm + 0.15*u_norm + 0.15*s_norm (各因子60日滚动min-max标准化),冰点(<20)|回暖(<35且上升)|加速(>60且上升)|分歧(>50且下降)|退潮(<40从>45连降)|震荡(其他)
20260119,88,23,20,4,10,78,46,17.24,17.31,18.52,3.83,52.27,11.11,17.82,86.07,2.88,57.2,33.46,回暖,今日涨停∩昨日涨停 / 昨日涨停总数 × 100,昨日首板∩今日连板(limit_times≥2) / 昨日首板数 × 100,zha_count / (up_count + zha_count) × 100,"up_count / max(down_count, 1)",seal_zero_count(open_times=0) / up_count × 100,0.25*h_norm + 0.25*p_norm + 0.20*z_norm + 0.15*u_norm + 0.15*s_norm (各因子60日滚动min-max标准化),冰点(<20)|回暖(<35且上升)|加速(>60且上升)|分歧(>50且下降)|退潮(<40从>45连降)|震荡(其他)
20260120,54,16,15,3,12,42,38,13.64,11.54,21.74,3.38,70.37,0.0,7.69,77.43,2.5,100.0,32.78,震荡,今日涨停∩昨日涨停 / 昨日涨停总数 × 100,昨日首板∩今日连板(limit_times≥2) / 昨日首板数 × 100,zha_count / (up_count + zha_count) × 100,"up_count / max(down_count, 1)",seal_zero_count(open_times=0) / up_count × 100,0.25*h_norm + 0.25*p_norm + 0.20*z_norm + 0.15*u_norm + 0.15*s_norm (各因子60日滚动min-max标准化),冰点(<20)|回暖(<35且上升)|加速(>60且上升)|分歧(>50且下降)|退潮(<40从>45连降)|震荡(其他)
20260121,79,4,25,4,8,71,50,14.81,14.29,24.04,19.75,63.29,11.11,10.98,71.26,16.19,80.37,34.26,震荡,今日涨停∩昨日涨停 / 昨日涨停总数 × 100,昨日首板∩今日连板(limit_times≥2) / 昨日首板数 × 100,zha_count / (up_count + zha_count) × 100,"up_count / max(down_count, 1)",seal_zero_count(open_times=0) / up_count × 100,0.25*h_norm + 0.25*p_norm + 0.20*z_norm + 0.15*u_norm + 0.15*s_norm (各因子60日滚动min-max标准化),冰点(<20)|回暖(<35且上升)|加速(>60且上升)|分歧(>50且下降)|退潮(<40从>45连降)|震荡(其他)
20260122,73,2,27,4,17,56,40,21.52,18.31,27.0,36.5,54.79,11.11,29.87,63.32,30.19,56.79,35.96,震荡,今日涨停∩昨日涨停 / 昨日涨停总数 × 100,昨日首板∩今日连板(limit_times≥2) / 昨日首板数 × 100,zha_count / (up_count + zha_count) × 100,"up_count / max(down_count, 1)",seal_zero_count(open_times=0) / up_count × 100,0.25*h_norm + 0.25*p_norm + 0.20*z_norm + 0.15*u_norm + 0.15*s_norm (各因子60日滚动min-max标准化),冰点(<20)|回暖(<35且上升)|加速(>60且上升)|分歧(>50且下降)|退潮(<40从>45连降)|震荡(其他)
20260123,104,0,18,5,11,93,54,15.07,12.5,14.75,104.0,51.92,22.22,11.71,96.19,86.62,48.84,48.04,回暖,今日涨停∩昨日涨停 / 昨日涨停总数 × 100,昨日首板∩今日连板(limit_times≥2) / 昨日首板数 × 100,zha_count / (up_count + zha_count) × 100,"up_count / max(down_count, 1)",seal_zero_count(open_times=0) / up_count × 100,0.25*h_norm + 0.25*p_norm + 0.20*z_norm + 0.15*u_norm + 0.15*s_norm (各因子60日滚动min-max标准化),冰点(<20)|回暖(<35且上升)|加速(>60且上升)|分歧(>50且下降)|退潮(<40从>45连降)|震荡(其他)
20260126,70,30,40,5,15,55,41,14.42,15.05,36.36,2.33,58.57,22.22,9.88,38.21,1.62,67.28,26.0,退潮,今日涨停∩昨日涨停 / 昨日涨停总数 × 100,昨日首板∩今日连板(limit_times≥2) / 昨日首板数 × 100,zha_count / (up_count + zha_count) × 100,"up_count / max(down_count, 1)",seal_zero_count(open_times=0) / up_count × 100,0.25*h_norm + 0.25*p_norm + 0.20*z_norm + 0.15*u_norm + 0.15*s_norm (各因子60日滚动min-max标准化),冰点(<20)|回暖(<35且上升)|加速(>60且上升)|分歧(>50且下降)|退潮(<40从>45连降)|震荡(其他)
20260127,53,2,18,6,14,39,29,20.0,16.36,25.35,26.5,54.72,33.33,25.59,67.75,21.83,56.6,40.04,回暖,今日涨停∩昨日涨停 / 昨日涨停总数 × 100,昨日首板∩今日连板(limit_times≥2) / 昨日首板数 × 100,zha_count / (up_count + zha_count) × 100,"up_count / max(down_count, 1)",seal_zero_count(open_times=0) / up_count × 100,0.25*h_norm + 0.25*p_norm + 0.20*z_norm + 0.15*u_norm + 0.15*s_norm (各因子60日滚动min-max标准化),冰点(<20)|回暖(<35且上升)|加速(>60且上升)|分歧(>50且下降)|退潮(<40从>45连降)|震荡(其他)
20260128,80,5,26,7,10,70,34,18.87,5.13,24.53,16.0,42.5,44.44,22.41,69.95,13.05,22.71,36.07,退潮,今日涨停∩昨日涨停 / 昨日涨停总数 × 100,昨日首板∩今日连板(limit_times≥2) / 昨日首板数 × 100,zha_count / (up_count + zha_count) × 100,"up_count / max(down_count, 1)",seal_zero_count(open_times=0) / up_count × 100,0.25*h_norm + 0.25*p_norm + 0.20*z_norm + 0.15*u_norm + 0.15*s_norm (各因子60日滚动min-max标准化),冰点(<20)|回暖(<35且上升)|加速(>60且上升)|分歧(>50且下降)|退潮(<40从>45连降)|震荡(其他)
20260129,82,11,35,8,19,63,32,23.75,20.0,29.91,7.45,39.02,55.56,36.15,55.51,5.9,13.06,36.87,震荡,今日涨停∩昨日涨停 / 昨日涨停总数 × 100,昨日首板∩今日连板(limit_times≥2) / 昨日首板数 × 100,zha_count / (up_count + zha_count) × 100,"up_count / max(down_count, 1)",seal_zero_count(open_times=0) / up_count × 100,0.25*h_norm + 0.25*p_norm + 0.20*z_norm + 0.15*u_norm + 0.15*s_norm (各因子60日滚动min-max标准化),冰点(<20)|回暖(<35且上升)|加速(>60且上升)|分歧(>50且下降)|退潮(<40从>45连降)|震荡(其他)
20260130,48,52,21,5,7,41,28,8.54,7.94,30.43,0.92,58.33,22.22,0.0,54.12,0.44,66.61,26.44,退潮,今日涨停∩昨日涨停 / 昨日涨停总数 × 100,昨日首板∩今日连板(limit_times≥2) / 昨日首板数 × 100,zha_count / (up_count + zha_count) × 100,"up_count / max(down_count, 1)",seal_zero_count(open_times=0) / up_count × 100,0.25*h_norm + 0.25*p_norm + 0.20*z_norm + 0.15*u_norm + 0.15*s_norm (各因子60日滚动min-max标准化),冰点(<20)|回暖(<35且上升)|加速(>60且上升)|分歧(>50且下降)|退潮(<40从>45连降)|震荡(其他)
20260202,36,98,18,3,10,26,25,20.83,17.07,33.33,0.37,69.44,0.0,32.44,46.34,0.0,97.42,31.99,回暖,今日涨停∩昨日涨停 / 昨日涨停总数 × 100,昨日首板∩今日连板(limit_times≥2) / 昨日首板数 × 100,zha_count / (up_count + zha_count) × 100,"up_count / max(down_count, 1)",seal_zero_count(open_times=0) / up_count × 100,0.25*h_norm + 0.25*p_norm + 0.20*z_norm + 0.15*u_norm + 0.15*s_norm (各因子60日滚动min-max标准化),冰点(<20)|回暖(<35且上升)|加速(>60且上升)|分歧(>50且下降)|退潮(<40从>45连降)|震荡(其他)
20260203,69,9,18,4,10,59,35,27.78,19.23,20.69,7.67,50.72,11.11,50.78,80.25,6.1,45.51,39.26,回暖,今日涨停∩昨日涨停 / 昨日涨停总数 × 100,昨日首板∩今日连板(limit_times≥2) / 昨日首板数 × 100,zha_count / (up_count + zha_count) × 100,"up_count / max(down_count, 1)",seal_zero_count(open_times=0) / up_count × 100,0.25*h_norm + 0.25*p_norm + 0.20*z_norm + 0.15*u_norm + 0.15*s_norm (各因子60日滚动min-max标准化),冰点(<20)|回暖(<35且上升)|加速(>60且上升)|分歧(>50且下降)|退潮(<40从>45连降)|震荡(其他)
20260204,68,5,19,4,12,56,43,17.39,13.56,21.84,13.6,63.24,11.11,23.36,77.17,11.06,80.23,37.74,震荡,今日涨停∩昨日涨停 / 昨日涨停总数 × 100,昨日首板∩今日连板(limit_times≥2) / 昨日首板数 × 100,zha_count / (up_count + zha_count) × 100,"up_count / max(down_count, 1)",seal_zero_count(open_times=0) / up_count × 100,0.25*h_norm + 0.25*p_norm + 0.20*z_norm + 0.15*u_norm + 0.15*s_norm (各因子60日滚动min-max标准化),冰点(<20)|回暖(<35且上升)|加速(>60且上升)|分歧(>50且下降)|退潮(<40从>45连降)|震荡(其他)
20260205,44,14,10,4,10,34,35,14.71,14.29,18.52,3.14,79.55,11.11,16.28,86.07,2.32,100.0,39.41,震荡,今日涨停∩昨日涨停 / 昨日涨停总数 × 100,昨日首板∩今日连板(limit_times≥2) / 昨日首板数 × 100,zha_count / (up_count + zha_count) × 100,"up_count / max(down_count, 1)",seal_zero_count(open_times=0) / up_count × 100,0.25*h_norm + 0.25*p_norm + 0.20*z_norm + 0.15*u_norm + 0.15*s_norm (各因子60日滚动min-max标准化),冰点(<20)|回暖(<35且上升)|加速(>60且上升)|分歧(>50且下降)|退潮(<40从>45连降)|震荡(其他)
20260206,55,5,26,3,8,47,28,18.18,11.76,32.1,11.0,50.91,0.0,25.44,49.64,8.89,36.69,23.12,退潮,今日涨停∩昨日涨停 / 昨日涨停总数 × 100,昨日首板∩今日连板(limit_times≥2) / 昨日首板数 × 100,zha_count / (up_count + zha_count) × 100,"up_count / max(down_count, 1)",seal_zero_count(open_times=0) / up_count × 100,0.25*h_norm + 0.25*p_norm + 0.20*z_norm + 0.15*u_norm + 0.15*s_norm (各因子60日滚动min-max标准化),冰点(<20)|回暖(<35且上升)|加速(>60且上升)|分歧(>50且下降)|退潮(<40从>45连降)|震荡(其他)
20260209,83,3,26,4,14,69,46,25.45,21.28,23.85,27.67,55.42,11.11,44.63,71.77,22.82,46.66,38.71,回暖,今日涨停∩昨日涨停 / 昨日涨停总数 × 100,昨日首板∩今日连板(limit_times≥2) / 昨日首板数 × 100,zha_count / (up_count + zha_count) × 100,"up_count / max(down_count, 1)",seal_zero_count(open_times=0) / up_count × 100,0.25*h_norm + 0.25*p_norm + 0.20*z_norm + 0.15*u_norm + 0.15*s_norm (各因子60日滚动min-max标准化),冰点(<20)|回暖(<35且上升)|加速(>60且上升)|分歧(>50且下降)|退潮(<40从>45连降)|震荡(其他)
20260210,60,2,8,3,21,39,35,25.3,28.99,11.76,30.0,58.33,0.0,44.23,100.0,24.77,53.09,42.74,回暖,今日涨停∩昨日涨停 / 昨日涨停总数 × 100,昨日首板∩今日连板(limit_times≥2) / 昨日首板数 × 100,zha_count / (up_count + zha_count) × 100,"up_count / max(down_count, 1)",seal_zero_count(open_times=0) / up_count × 100,0.25*h_norm + 0.25*p_norm + 0.20*z_norm + 0.15*u_norm + 0.15*s_norm (各因子60日滚动min-max标准化),冰点(<20)|回暖(<35且上升)|加速(>60且上升)|分歧(>50且下降)|退潮(<40从>45连降)|震荡(其他)
20260211,51,5,17,4,11,40,29,18.33,7.69,25.0,10.2,56.86,11.11,25.84,65.91,8.22,49.85,31.13,退潮,今日涨停∩昨日涨停 / 昨日涨停总数 × 100,昨日首板∩今日连板(limit_times≥2) / 昨日首板数 × 100,zha_count / (up_count + zha_count) × 100,"up_count / max(down_count, 1)",seal_zero_count(open_times=0) / up_count × 100,0.25*h_norm + 0.25*p_norm + 0.20*z_norm + 0.15*u_norm + 0.15*s_norm (各因子60日滚动min-max标准化),冰点(<20)|回暖(<35且上升)|加速(>60且上升)|分歧(>50且下降)|退潮(<40从>45连降)|震荡(其他)
20260212,60,13,19,4,17,43,36,33.33,30.0,24.05,4.62,60.0,11.11,65.43,68.36,3.55,56.79,41.86,回暖,今日涨停∩昨日涨停 / 昨日涨停总数 × 100,昨日首板∩今日连板(limit_times≥2) / 昨日首板数 × 100,zha_count / (up_count + zha_count) × 100,"up_count / max(down_count, 1)",seal_zero_count(open_times=0) / up_count × 100,0.25*h_norm + 0.25*p_norm + 0.20*z_norm + 0.15*u_norm + 0.15*s_norm (各因子60日滚动min-max标准化),冰点(<20)|回暖(<35且上升)|加速(>60且上升)|分歧(>50且下降)|退潮(<40从>45连降)|震荡(其他)
20260213,32,12,11,5,5,27,15,8.33,2.33,25.58,2.67,46.88,22.22,0.0,64.42,1.92,27.79,22.9,退潮,今日涨停∩昨日涨停 / 昨日涨停总数 × 100,昨日首板∩今日连板(limit_times≥2) / 昨日首板数 × 100,zha_count / (up_count + zha_count) × 100,"up_count / max(down_count, 1)",seal_zero_count(open_times=0) / up_count × 100,0.25*h_norm + 0.25*p_norm + 0.20*z_norm + 0.15*u_norm + 0.15*s_norm (各因子60日滚动min-max标准化),冰点(<20)|回暖(<35且上升)|加速(>60且上升)|分歧(>50且下降)|退潮(<40从>45连降)|震荡(其他)
20260224,92,15,42,4,7,85,48,21.88,14.81,31.34,6.13,52.17,11.11,35.56,46.62,4.81,39.48,27.64,回暖,今日涨停∩昨日涨停 / 昨日涨停总数 × 100,昨日首板∩今日连板(limit_times≥2) / 昨日首板数 × 100,zha_count / (up_count + zha_count) × 100,"up_count / max(down_count, 1)",seal_zero_count(open_times=0) / up_count × 100,0.25*h_norm + 0.25*p_norm + 0.20*z_norm + 0.15*u_norm + 0.15*s_norm (各因子60日滚动min-max标准化),冰点(<20)|回暖(<35且上升)|加速(>60且上升)|分歧(>50且下降)|退潮(<40从>45连降)|震荡(其他)
20260225,75,3,35,5,18,57,44,19.57,16.47,31.82,25.0,58.67,22.22,29.5,45.31,20.59,53.85,33.16,回暖,今日涨停∩昨日涨停 / 昨日涨停总数 × 100,昨日首板∩今日连板(limit_times≥2) / 昨日首板数 × 100,zha_count / (up_count + zha_count) × 100,"up_count / max(down_count, 1)",seal_zero_count(open_times=0) / up_count × 100,0.25*h_norm + 0.25*p_norm + 0.20*z_norm + 0.15*u_norm + 0.15*s_norm (各因子60日滚动min-max标准化),冰点(<20)|回暖(<35且上升)|加速(>60且上升)|分歧(>50且下降)|退潮(<40从>45连降)|震荡(其他)
20260226,0,0,0,0,0,0,0,0.0,0.0,0.0,0.0,0.0,0.0,0.0,100.0,0.0,0.0,20.0,退潮,今日涨停∩昨日涨停 / 昨日涨停总数 × 100,昨日首板∩今日连板(limit_times≥2) / 昨日首板数 × 100,zha_count / (up_count + zha_count) × 100,"up_count / max(down_count, 1)",seal_zero_count(open_times=0) / up_count × 100,0.25*h_norm + 0.25*p_norm + 0.20*z_norm + 0.15*u_norm + 0.15*s_norm (各因子60日滚动min-max标准化),冰点(<20)|回暖(<35且上升)|加速(>60且上升)|分歧(>50且下降)|退潮(<40从>45连降)|震荡(其他)
20260227,75,0,15,7,10,65,44,0,0,16.67,75.0,58.67,58.33,0.0,65.59,62.5,73.75,48.14,回暖,今日涨停∩昨日涨停 / 昨日涨停总数 × 100,昨日首板∩今日连板(limit_times≥2) / 昨日首板数 × 100,zha_count / (up_count + zha_count) × 100,"up_count / max(down_count, 1)",seal_zero_count(open_times=0) / up_count × 100,0.25*h_norm + 0.25*p_norm + 0.20*z_norm + 0.15*u_norm + 0.15*s_norm (各因子60日滚动min-max标准化),冰点(<20)|回暖(<35且上升)|加速(>60且上升)|分歧(>50且下降)|退潮(<40从>45连降)|震荡(其他)
